datetime,date,open,high,low,close,volume
2024-01-02 00:00:00-05:00,2024-01-02,370.3424737462839,372.3632885983454,363.319184585885,367.380615234375,25258600
2024-01-03 00:00:00-05:00,2024-01-03,365.5381225658885,369.7481357898977,365.04282689247566,367.1131591796875,23083500
2024-01-04 00:00:00-05:00,2024-01-04,367.1825051718643,369.5896348719219,363.71543548306664,364.4781799316406,20901500
2024-01-05 00:00:00-05:00,2024-01-05,365.4985007136341,368.559424433647,363.0517388090319,364.28997802734375,20987000
2024-01-08 00:00:00-05:00,2024-01-08,365.8253710003868,371.66988411040546,365.53812127674354,371.1646728515625,23134000
2024-01-09 00:00:00-05:00,2024-01-09,368.509899386066,372.4524336286839,367.6976072202341,372.25433349609375,20830000
2024-01-10 00:00:00-05:00,2024-01-10,372.8288615431399,380.5554922110054,372.7793440678221,379.16864013671875,25514200
2024-01-11 00:00:00-05:00,2024-01-11,382.3682441685505,387.0042042259602,376.80112586493703,381.0111389160156,27850800
2024-01-12 00:00:00-05:00,2024-01-12,381.8630597761942,385.0230486833725,381.03096664819185,384.8150329589844,21645700
2024-01-16 00:00:00-05:00,2024-01-16,389.9562027545636,390.32271672497956,383.9730224089054,386.59808349609375,27202300
2024-01-17 00:00:00-05:00,2024-01-17,384.32963163268903,386.4395657529972,381.1894438434919,385.80560302734375,22234100
2024-01-18 00:00:00-05:00,2024-01-18,388.034419353738,390.2830506876362,386.44946725171263,390.1641845703125,23392100
2024-01-19 00:00:00-05:00,2024-01-19,392.0364126276258,394.9190368652344,389.79766667261197,394.9190368652344,29272000
2024-01-22 00:00:00-05:00,2024-01-22,396.25634353223927,396.85070439221124,389.8868483654438,392.7793884277344,27016900
2024-01-23 00:00:00-05:00,2024-01-23,392.02652441578425,395.6223758316309,390.22364091426874,395.1468811035156,20525900
2024-01-24 00:00:00-05:00,2024-01-24,397.7620686193911,401.81358370975624,396.68232764982235,398.7724609375,24867000
2024-01-25 00:00:00-05:00,2024-01-25,400.5158863337274,403.18057938018296,398.7427194215606,401.0606994628906,21021200
2024-01-26 00:00:00-05:00,2024-01-26,400.5654097210854,402.34849224643625,398.6436601299057,400.1295471191406,17803300
2024-01-29 00:00:00-05:00,2024-01-29,402.23954412902646,406.12267574413715,400.52581011271667,405.8651123046875,24510200
2024-01-30 00:00:00-05:00,2024-01-30,408.3812111979871,409.16375662074074,402.6258777098208,404.7457275390625,33477600
2024-01-31 00:00:00-05:00,2024-01-31,403.1310461052013,411.41240548584386,393.47278047208044,393.83929443359375,47871100
2024-02-01 00:00:00-05:00,2024-02-01,398.0493222591689,404.161284395668,398.01960572688716,399.9809875488281,30657700
2024-02-02 00:00:00-05:00,2024-02-02,400.01066704989324,408.7674904401441,399.7630192269887,407.3509521484375,28245000
2024-02-05 00:00:00-05:00,2024-02-05,406.0433872498531,407.29154202131053,400.18898875911304,401.8333740234375,25352300
2024-02-06 00:00:00-05:00,2024-02-06,402.0612108490808,404.13154308563696,399.11915341177513,401.67486572265625,18382600
2024-02-07 00:00:00-05:00,2024-02-07,403.60653322309605,410.4019752246544,403.5669011054383,410.1543273925781,22340500
2024-02-08 00:00:00-05:00,2024-02-08,410.1543425713037,411.65014520614363,408.6486545795197,410.2137756347656,21225300
2024-02-09 00:00:00-05:00,2024-02-09,411.34304822902254,416.8606491715924,411.18454998916735,416.5931701660156,22032800
2024-02-12 00:00:00-05:00,2024-02-12,416.6031191844753,416.7814183822025,410.8477855354943,411.3529968261719,21202900
2024-02-13 00:00:00-05:00,2024-02-13,401.1300494611104,406.21178774325523,399.59464501524405,402.4970703125,27824900
2024-02-14 00:00:00-05:00,2024-02-14,404.97813565927675,406.73471379055,401.50465451788693,406.3873596191406,20401200
2024-02-15 00:00:00-05:00,2024-02-15,405.0476293953427,406.03011869599004,401.22679392364836,403.4795837402344,21825500
2024-02-16 00:00:00-05:00,2024-02-16,404.86897976610464,405.19649639829663,400.3832375883185,400.99853515625,22281100
2024-02-20 00:00:00-05:00,2024-02-20,400.1847314590158,401.4252604899609,394.9943773768075,399.7381591796875,24307900
2024-02-21 00:00:00-05:00,2024-02-21,397.1379710817067,399.2419032387698,394.21031077919827,399.1327209472656,18631100
2024-02-22 00:00:00-05:00,2024-02-22,407.08207646174907,409.70205797134184,405.4743557171247,408.531005859375,27009900
2024-02-23 00:00:00-05:00,2024-02-23,412.5205281414921,412.70906066926193,405.8712811789626,407.23089599609375,16295900
2024-02-26 00:00:00-05:00,2024-02-26,408.34243031561954,409.0371386513167,404.2734892487182,404.4521484375,16193500
2024-02-27 00:00:00-05:00,2024-02-27,404.898754425873,405.22627106063214,400.7901378959309,404.39263916015625,14835800
2024-02-28 00:00:00-05:00,2024-02-28,405.0873045429746,406.1988137086949,402.24898865810695,404.63079833984375,13183100
2024-02-29 00:00:00-05:00,2024-02-29,405.5438348800808,411.06170550216336,402.84444253870316,410.5059509277344,31947300
2024-03-01 00:00:00-05:00,2024-03-01,408.153876143975,412.71902889421233,407.76684684717014,412.3518371582031,17800300
2024-03-04 00:00:00-05:00,2024-03-04,410.307447886493,414.18782621068357,409.19593875466035,411.7762451171875,17596000
2024-03-05 00:00:00-05:00,2024-03-05,410.8235170993726,411.1113283199567,397.60446252322527,399.5992126464844,26919200
2024-03-06 00:00:00-05:00,2024-03-06,399.9167637441042,402.09017289690905,395.37147897743796,399.0434265136719,22344100
2024-03-07 00:00:00-05:00,2024-03-07,403.04290164123864,406.67517415608603,399.19229481283145,406.0400390625,18718500
2024-03-08 00:00:00-05:00,2024-03-08,404.8689575439801,407.3103404061873,401.2664565057241,403.14215087890625,17971700
2024-03-11 00:00:00-04:00,2024-03-11,400.70079606171487,402.6062316222378,398.21973809181884,401.45501708984375,16120800
2024-03-12 00:00:00-04:00,2024-03-12,404.5315189350478,412.4212950799544,403.70782104780903,412.13348388671875,22457000
2024-03-13 00:00:00-04:00,2024-03-13,414.9321647542621,415.0115452878592,408.3325562328795,411.95489501953125,17115900
2024-03-14 00:00:00-04:00,2024-03-14,417.05592096351893,424.5785058716351,414.8229687362819,421.9981994628906,34157300
2024-03-15 00:00:00-04:00,2024-03-15,416.1131423873529,419.39806083838096,409.6623914264508,413.264892578125,45049800
2024-03-18 00:00:00-04:00,2024-03-18,411.111304092611,417.54221722990445,410.6448639845401,414.1580505371094,20106000
2024-03-19 00:00:00-04:00,2024-03-19,414.6641794557911,418.4751112612702,412.40145573236146,418.2170715332031,19837900
2024-03-20 00:00:00-04:00,2024-03-20,418.8025799169323,422.7325672103819,417.472736496582,422.00811767578125,17860100
2024-03-21 00:00:00-04:00,2024-03-21,426.57326646256405,427.55578606152034,423.9235133811952,426.11676025390625,21296200
2024-03-22 00:00:00-04:00,2024-03-22,426.4442947841674,426.6030558566972,422.8417934382558,425.4915466308594,17636500
2024-03-25 00:00:00-04:00,2024-03-25,422.0180389961963,424.1716107025241,418.41553787360243,419.65606689453125,18060500
2024-03-26 00:00:00-04:00,2024-03-26,422.3852180529654,422.76234370981615,418.1575158713517,418.4552307128906,16725600
2024-03-27 00:00:00-04:00,2024-03-27,421.2241115258407,421.23404544961727,415.83526074059097,418.2369079589844,16705000
2024-03-28 00:00:00-04:00,2024-03-28,417.7704594727013,418.6735682140503,415.94440442920035,417.53228759765625,21871200
2024-04-01 00:00:00-04:00,2024-04-01,420.7378213676411,424.64797113919235,419.0209183546172,421.3531188964844,16316000
2024-04-02 00:00:00-04:00,2024-04-02,416.9269168072685,419.17973696688534,414.6741269340057,418.2468566894531,17912000
2024-04-03 00:00:00-04:00,2024-04-03,416.54979735190346,420.0530500088036,415.91463197146663,417.26434326171875,16502300
2024-04-04 00:00:00-04:00,2024-04-04,421.76992047315406,425.4220608182633,414.4061573873391,414.71380615234375,19370900
2024-04-05 00:00:00-04:00,2024-04-05,416.8276673390752,423.2784179752705,415.1504697507563,422.2958984375,16544300
2024-04-08 00:00:00-04:00,2024-04-08,421.9485777283347,424.0425761054586,420.09272093696904,421.3729553222656,14272400
2024-04-09 00:00:00-04:00,2024-04-09,423.20896224870864,424.4991003259259,418.4254750382327,423.0501708984375,12512300
2024-04-10 00:00:00-04:00,2024-04-10,418.9911394928746,420.8171944866389,416.5200154975315,420.05303955078125,16216600
2024-04-11 00:00:00-04:00,2024-04-11,422.5936238068228,426.11671379812606,419.1598179763637,424.6876220703125,17966400
2024-04-12 00:00:00-04:00,2024-04-12,420.8370731015467,421.9585162359949,416.58950274190113,418.703369140625,19232100
2024-04-15 00:00:00-04:00,2024-04-15,423.36774724307367,423.5860815606245,410.2975202475589,410.5059509277344,20273500
2024-04-16 00:00:00-04:00,2024-04-16,411.4289086182102,415.2298762897989,410.59527673352017,411.4388122558594,16765600
2024-04-17 00:00:00-04:00,2024-04-17,414.0885872118868,415.70624190109544,407.22100522560083,408.7195739746094,15855500
2024-04-18 00:00:00-04:00,2024-04-18,407.5187363707615,408.76919927263555,400.88935677884103,401.2069091796875,21029900
2024-04-19 00:00:00-04:00,2024-04-19,400.9687488676842,402.4077746386735,394.7561698730406,396.095947265625,30276500
2024-04-22 00:00:00-04:00,2024-04-22,397.04865981007964,399.7976914523607,392.7514806878664,397.9219970703125,20286900
2024-04-23 00:00:00-04:00,2024-04-23,401.1771473553241,405.10716505974153,400.0060952402287,404.48193359375,15734500
2024-04-24 00:00:00-04:00,2024-04-24,406.45687447977747,409.34482984718727,403.6979389840594,405.9606628417969,15065300
2024-04-25 00:00:00-04:00,2024-04-25,391.04452101034235,396.8601368410158,385.08998167747234,396.0165710449219,40586500
2024-04-26 00:00:00-04:00,2024-04-26,409.0470757072221,409.87077362119237,402.6856394846956,403.24139404296875,29694700
2024-04-29 00:00:00-04:00,2024-04-29,402.1795096483343,403.24140976178137,396.1654273618807,399.2022399902344,19582100
2024-04-30 00:00:00-04:00,2024-04-30,398.44799719369325,399.112934090919,386.2213658866136,386.380126953125,28781400
2024-05-01 00:00:00-04:00,2024-05-01,389.635268755834,398.6762601059751,387.35270744745037,391.9476318359375,23562500
2024-05-02 00:00:00-04:00,2024-05-02,394.6469631564577,396.89975263086836,391.65976001272753,394.8255920410156,17709400
2024-05-03 00:00:00-04:00,2024-05-03,399.23197820235123,404.0650740320478,398.8151471589616,403.57879638671875,17446700
2024-05-06 00:00:00-04:00,2024-05-06,405.66292597330005,410.7937370714025,403.29101993493754,410.4067077636719,16996600
2024-05-07 00:00:00-04:00,2024-05-07,411.5181933814727,411.52812730475875,405.9903890817075,406.2384948730469,20018200
2024-05-08 00:00:00-04:00,2024-05-08,405.07740513834375,409.1066410493604,403.6284454091321,407.429443359375,11792300
2024-05-09 00:00:00-04:00,2024-05-09,407.45921271703617,409.59291660377954,406.00034935781423,409.1959533691406,14689700
2024-05-10 00:00:00-04:00,2024-05-10,409.8112151541409,412.23273004632824,408.6798382335046,411.5975646972656,13402300
2024-05-13 00:00:00-04:00,2024-05-13,414.84283115281045,415.18025140614657,407.7073059282806,410.5853271484375,15440200
2024-05-14 00:00:00-04:00,2024-05-14,408.8981987547859,414.3267549073316,408.43175863614476,413.40380859375,15109300
2024-05-15 00:00:00-04:00,2024-05-15,415.48169669269,421.3575004372611,414.85533751236306,420.6317138671875,22239500
2024-05-16 00:00:00-04:00,2024-05-16,419.35914332573157,422.9582208339026,417.91755229509,418.5538330078125,17530100
2024-05-17 00:00:00-04:00,2024-05-17,420.09485405964773,420.4726599302369,415.6109428181483,417.7783203125,15352200
2024-05-20 00:00:00-04:00,2024-05-20,417.778343258253,424.30037978174784,417.55961512858175,422.878662109375,16272100
2024-05-21 00:00:00-04:00,2024-05-21,424.36004826198655,430.46453247000767,422.3915253519068,426.5572814941406,21453300
2024-05-22 00:00:00-04:00,2024-05-22,427.60118209872775,429.9077641693655,424.6583193119375,428.0286865234375,18073700
2024-05-23 00:00:00-04:00,2024-05-23,430.4645069803894,431.09086617504613,422.95820916796526,424.529052734375,17211700
2024-05-24 00:00:00-04:00,2024-05-24,424.71796179341015,428.565562226306,421.95405016489985,427.6707763671875,11845800
2024-05-28 00:00:00-04:00,2024-05-28,427.1438244451224,428.32694058725485,424.1313596453095,427.829833984375,15718000
2024-05-29 00:00:00-04:00,2024-05-29,423.22665032702537,428.44627000677747,423.22665032702537,426.6865234375,15517100
2024-05-30 00:00:00-04:00,2024-05-30,421.84466424386284,421.84466424386284,411.84288150879064,412.2704162597656,28424800
2024-05-31 00:00:00-04:00,2024-05-31,414.3383733012913,414.3383733012913,402.1692127903504,412.7277526855469,47995300
2024-06-03 00:00:00-04:00,2024-06-03,413.1254229827006,414.02020882309534,406.553688084388,411.1270446777344,17484700
2024-06-04 00:00:00-04:00,2024-06-04,410.04337212748766,414.03017705380546,407.30928563189894,413.6623229980469,14348900
2024-06-05 00:00:00-04:00,2024-06-05,415.39223173706347,421.6259378345122,413.89096003424896,421.5563659667969,16988000
2024-06-06 00:00:00-04:00,2024-06-06,421.5563568996983,422.848821948627,418.14618249774657,422.0633850097656,14861300
2024-06-07 00:00:00-04:00,2024-06-07,423.73371564550735,423.81323935854607,420.55222098628695,421.3973083496094,13621700
2024-06-10 00:00:00-04:00,2024-06-10,422.24237348386436,425.6027887352665,421.4370631899479,425.3940124511719,14003000
2024-06-11 00:00:00-04:00,2024-06-11,423.01786084549974,430.3153823959729,422.78918087724,430.1761779785156,14551100
2024-06-12 00:00:00-04:00,2024-06-12,432.8009161252906,440.8341457768561,430.7428874309175,438.5076904296875,22366200
2024-06-13 00:00:00-04:00,2024-06-13,438.2989324414096,440.8242426789463,436.8274858579273,439.0246887207031,15960600
2024-06-14 00:00:00-04:00,2024-06-14,435.74378876375306,440.5756810111054,434.19281849694386,440.00897216796875,13582000
2024-06-17 00:00:00-04:00,2024-06-17,440.0288392462003,448.3305259626429,438.16966532085047,445.775390625,20790000
2024-06-18 00:00:00-04:00,2024-06-18,447.10763493198164,447.53516969127554,442.3155500964385,443.75714111328125,17112500
2024-06-20 00:00:00-04:00,2024-06-20,443.7173532757514,443.946033241849,438.7164619327626,443.120849609375,19877400
2024-06-21 00:00:00-04:00,2024-06-21,444.79114029939626,447.97260457820744,443.9261796037789,447.17724609375,34486200
2024-06-24 00:00:00-04:00,2024-06-24,447.1971472141421,450.1300886970985,443.82677977625036,445.0794982910156,15913700
2024-06-25 00:00:00-04:00,2024-06-25,445.65606632861267,448.80773551860256,444.1647465305247,448.3404541015625,16747500
2024-06-26 00:00:00-04:00,2024-06-26,446.4017395883299,450.9751265075422,445.59642930053803,449.54345703125,16507000
2024-06-27 00:00:00-04:00,2024-06-27,449.56332546408174,453.53025683427376,449.15569440393773,450.2294616699219,14806300
2024-06-28 00:00:00-04:00,2024-06-28,450.4482280145607,452.74485831487965,443.82676378238773,444.3636474609375,28362300
2024-07-01 00:00:00-04:00,2024-07-01,446.0637277902953,454.72331684606445,443.0810879907853,454.0870361328125,17662800
2024-07-02 00:00:00-04:00,2024-07-02,450.57745029839504,456.9304570935814,450.48794440717063,456.62225341796875,13979800
2024-07-03 00:00:00-04:00,2024-07-03,455.5385808076234,458.3521910129211,455.23037712106725,458.1036376953125,9932800
2024-07-05 00:00:00-04:00,2024-07-05,456.95033221316646,465.6397765538939,456.3140515175161,464.8543395996094,16000300
2024-07-08 00:00:00-04:00,2024-07-08,463.8501958785038,464.99356542878803,461.77229375422786,463.5419921875,12962300
2024-07-09 00:00:00-04:00,2024-07-09,464.29759021110544,464.6256672353131,455.3496709136752,456.8807678222656,17207200
2024-07-10 00:00:00-04:00,2024-07-10,458.55104934272356,463.7607172108967,456.20469022907776,463.55194091796875,18196100
2024-07-11 00:00:00-04:00,2024-07-11,460.30084022096906,462.0904118522062,448.9369602373819,452.0687561035156,23111200
2024-07-12 00:00:00-04:00,2024-07-12,451.70090017355875,453.71915189160546,448.0422026334216,450.9254150390625,16324300
2024-07-15 00:00:00-04:00,2024-07-15,450.6768844175797,454.61399099803907,448.8177103695207,451.33306884765625,14429400
2024-07-16 00:00:00-04:00,2024-07-16,451.5915769633523,451.671100679191,444.0753266658107,446.91876220703125,17175700
2024-07-17 00:00:00-04:00,2024-07-17,440.0288496296795,442.2757813397234,436.63857872187197,440.9534606933594,21778000
2024-07-18 00:00:00-04:00,2024-07-18,441.7687136228689,442.07691730431753,431.886231451246,437.8216857910156,20794800
2024-07-19 00:00:00-04:00,2024-07-19,430.59376141790096,438.58724438350157,429.5001207828966,434.5805358886719,20940400
2024-07-22 00:00:00-04:00,2024-07-22,439.23349185507885,442.0272287343498,436.37015276462773,440.3768310546875,15808800
2024-07-23 00:00:00-04:00,2024-07-23,441.33127259326983,445.7953108894537,440.53591409904936,442.2757873535156,13107100
2024-07-24 00:00:00-04:00,2024-07-24,437.90124163761953,438.9252800797557,425.11564336198785,426.4180603027344,26805800
2024-07-25 00:00:00-04:00,2024-07-25,426.31863260886945,427.3128458662045,415.0939867790631,415.97882080078125,29943800
2024-07-26 00:00:00-04:00,2024-07-26,415.7799870015666,426.4379540941027,414.8553456338981,422.8090515136719,23583800
2024-07-29 00:00:00-04:00,2024-07-29,429.0825299821325,429.6492388018038,422.2423684855505,424.2606201171875,15125800
2024-07-30 00:00:00-04:00,2024-07-30,425.2448982961915,426.5671885866718,414.9448331085773,420.4726867675781,32687600
2024-07-31 00:00:00-04:00,2024-07-31,418.0666907004293,419.33928250485553,409.8246539863894,415.92913818359375,42891400
2024-08-01 00:00:00-04:00,2024-08-01,418.3550170132677,424.9864026383823,410.69956257647107,414.6962890625,30296400
2024-08-02 00:00:00-04:00,2024-08-02,410.1030126570464,412.59849761680636,402.0001807599968,406.12615966796875,29437900
2024-08-05 00:00:00-04:00,2024-08-05,386.9179667314658,398.71927263220283,383.34871462184185,392.86334228515625,40709200
2024-08-06 00:00:00-04:00,2024-08-06,397.6853041219084,403.3225066578681,396.1939842314513,397.29754638671875,24946500
2024-08-07 00:00:00-04:00,2024-08-07,406.27532907710327,407.70696828580475,395.1699533956427,396.1243896484375,20650900
2024-08-08 00:00:00-04:00,2024-08-08,400.11118789524573,403.51138026295973,397.62565473832814,400.3597412109375,20203000
2024-08-09 00:00:00-04:00,2024-08-09,401.6919660750819,405.68869229684987,399.93221959838144,403.6704406738281,19276700
2024-08-12 00:00:00-04:00,2024-08-12,404.7044554196647,406.39463013243375,401.9007666876047,404.4559020996094,16762900
2024-08-13 00:00:00-04:00,2024-08-13,407.21979148714996,412.5487901543895,407.19991814538804,411.6142272949219,19414300
2024-08-14 00:00:00-04:00,2024-08-14,412.3996465083127,415.30276256625774,410.0632696291805,414.4477233886719,18267000
2024-08-15 00:00:00-04:00,2024-08-15,418.1229861127925,419.42775054091777,415.991550712489,419.34808349609375,20752100
2024-08-16 00:00:00-04:00,2024-08-16,418.919805326896,419.6568394696199,415.6329698343419,416.7983093261719,22775600
2024-08-19 00:00:00-04:00,2024-08-19,417.2863590170559,420.06522222853687,414.7963458443911,419.8460998535156,15234000
2024-08-20 00:00:00-04:00,2024-08-20,420.015435317403,424.15879050030776,419.9556774327427,423.10302734375,16387600
2024-08-21 00:00:00-04:00,2024-08-21,422.38589043229285,424.69662989295495,420.03533264675815,422.4456787109375,16067300
2024-08-22 00:00:00-04:00,2024-08-22,422.66478826233237,425.0851042062188,412.953736731063,413.8899841308594,19361900
2024-08-23 00:00:00-04:00,2024-08-23,415.3142739439322,417.58516466451346,410.44379375355777,415.1250305175781,18493800
2024-08-26 00:00:00-04:00,2024-08-26,414.70669574720716,415.6130641605339,409.6967906199474,411.83819580078125,13152800
2024-08-27 00:00:00-04:00,2024-08-27,411.21070203411466,412.70470986954564,408.6111429903849,412.1867980957031,13492900
2024-08-28 00:00:00-04:00,2024-08-28,413.22267925405737,413.3421950254565,405.68291191971673,408.95977783203125,14882700
2024-08-29 00:00:00-04:00,2024-08-29,413.2824329478728,420.3640158924635,408.95977368399144,411.4696960449219,17045200
2024-08-30 00:00:00-04:00,2024-08-30,413.93977626013776,415.822210323597,410.48363692465733,415.4736328125,24308300
2024-09-03 00:00:00-04:00,2024-09-03,416.2405478075573,418.20267931936957,405.4040060811421,407.80438232421875,20313600
2024-09-04 00:00:00-04:00,2024-09-04,404.2884945573242,409.5971891641853,402.7546379619835,407.26654052734375,15135800
2024-09-05 00:00:00-04:00,2024-09-05,405.9916319874654,411.44975138862225,404.50759397621573,406.7585754394531,14195500
2024-09-06 00:00:00-04:00,2024-09-06,407.4258901774711,409.0095348193582,399.19887738785627,400.0953063964844,19609500
2024-09-09 00:00:00-04:00,2024-09-09,405.6131601713445,407.01753119323797,400.5434971977151,404.0992431640625,15295100
2024-09-10 00:00:00-04:00,2024-09-10,406.56934824108026,414.66684525245614,406.0713456246143,412.5453796386719,19594300
2024-09-11 00:00:00-04:00,2024-09-11,413.84017908445105,422.29625388353406,407.9438146629927,421.3500671386719,19266900
2024-09-12 00:00:00-04:00,2024-09-12,421.6189886086143,425.6627675750461,418.07321227741465,425.29425048828125,17418800
2024-09-13 00:00:00-04:00,2024-09-13,424.12890877471926,430.10494036688726,423.76039168984255,428.8699035644531,15874600
2024-09-16 00:00:00-04:00,2024-09-16,428.87987866290234,431.79816683164466,426.50938123863534,429.6169128417969,13834700
2024-09-17 00:00:00-04:00,2024-09-17,438.47140586333086,440.08492951868885,430.5431821213062,433.41168212890625,18874200
2024-09-18 00:00:00-04:00,2024-09-18,433.2622842089649,434.28816840172493,428.6906237541022,429.0890197753906,18898000
2024-09-19 00:00:00-04:00,2024-09-19,439.46742297057807,439.73633345516527,435.1547030637013,436.93756103515625,21706600
2024-09-20 00:00:00-04:00,2024-09-20,435.47341133704515,437.4853309751932,432.4853956233,433.53118896484375,55167100
2024-09-23 00:00:00-04:00,2024-09-23,432.5451724016005,434.7164566201473,428.6707276626035,431.77825927734375,15128900
2024-09-24 00:00:00-04:00,2024-09-24,431.27028375011014,431.6188916752313,424.39785343692114,427.4555969238281,17015800
2024-09-25 00:00:00-04:00,2024-09-25,428.11292879639643,431.38979462226376,426.8579828341436,430.3838195800781,13396400
2024-09-26 00:00:00-04:00,2024-09-26,433.3519348863203,433.56108748494046,427.41575191106693,429.5870361328125,14492000
2024-09-27 00:00:00-04:00,2024-09-27,429.7961684722898,430.1248672217253,425.762359424982,426.3101501464844,14896100
2024-09-30 00:00:00-04:00,2024-09-30,426.49940732473704,428.7006008520287,423.67075601092984,428.5810546875,16807300
2024-10-01 00:00:00-04:00,2024-10-01,426.73847108913304,426.7683500314763,417.1369656739266,419.00946044921875,19092900
2024-10-02 00:00:00-04:00,2024-10-02,420.89186366215563,421.13092557899313,415.0453180067373,415.4636535644531,16582300
2024-10-03 00:00:00-04:00,2024-10-03,415.9616796785687,417.8739927473743,412.63502577299244,414.87603759765625,13686400
2024-10-04 00:00:00-04:00,2024-10-04,416.5692334072243,418.07321108796054,413.3123071245128,414.39794921875,19169700
2024-10-07 00:00:00-04:00,2024-10-07,414.3381769946468,415.4437282135342,407.3661403625253,407.90399169921875,20919800
2024-10-08 00:00:00-04:00,2024-10-08,409.25856700863125,413.99956190900485,406.5394920239681,413.0533447265625,19229300
2024-10-09 00:00:00-04:00,2024-10-09,414.19871346026423,418.70067647812056,412.6449477589923,415.7923278808594,14974300
2024-10-10 00:00:00-04:00,2024-10-10,413.57128437543724,415.68281071093077,411.49957636636015,414.1788330078125,13848400
2024-10-11 00:00:00-04:00,2024-10-11,414.47761722865823,415.4636526469778,411.59914761969196,414.6568908691406,14144900
2024-10-14 00:00:00-04:00,2024-10-14,416.10111495840073,422.3460875183581,415.8521136383557,417.4656677246094,16653100
2024-10-15 00:00:00-04:00,2024-10-15,420.4934907291295,420.7923105426525,413.60115139482065,417.0672302246094,18900200
2024-10-16 00:00:00-04:00,2024-10-16,413.51151588006746,414.6967341717602,408.84024879356656,414.45770263671875,15508900
2024-10-17 00:00:00-04:00,2024-10-17,420.6727515049861,420.81220682616237,413.9298070859751,415.0552978515625,14820000
2024-10-18 00:00:00-04:00,2024-10-18,415.47364856596283,417.97360109842316,414.5971590742364,416.48956298828125,17145300
2024-10-21 00:00:00-04:00,2024-10-21,414.457708513249,417.2863598354636,412.09718088424023,417.1070861816406,14206100
2024-10-22 00:00:00-04:00,2024-10-22,416.8182287379404,428.85992860317606,416.3700446113444,425.8022155761719,25482200
2024-10-23 00:00:00-04:00,2024-10-23,429.13881136450993,429.3579337373482,420.8421009299413,422.9038391113281,19654400
2024-10-24 00:00:00-04:00,2024-10-24,423.6309040350223,424.27833177082186,420.71261591698874,423.0333251953125,13581600
2024-10-25 00:00:00-04:00,2024-10-25,425.0552047565001,430.79217425375066,424.8659613297776,426.43963623046875,16899100
2024-10-28 00:00:00-04:00,2024-10-28,429.9356180313113,430.21449827781026,424.5970142324742,424.8858642578125,14882400
2024-10-29 00:00:00-04:00,2024-10-29,426.29025434116863,431.43961494644003,424.09903059516625,430.2244873046875,17644100
2024-10-30 00:00:00-04:00,2024-10-30,435.69254402246366,436.7483071680008,430.3738795735308,430.8021545410156,29749100
2024-10-31 00:00:00-04:00,2024-10-31,413.70073237613923,414.4975548257246,404.67692710480617,404.72674560546875,53971000
2024-11-01 00:00:00-04:00,2024-11-01,407.37612978056814,413.8401943287888,405.8721520793777,408.7306823730469,24230400
2024-11-04 00:00:00-05:00,2024-11-04,408.1629515330161,408.78050033889826,403.9498686523884,406.82830810546875,19672300
2024-11-05 00:00:00-05:00,2024-11-05,406.73866209939297,413.24257521436044,406.4498120639611,409.8163146972656,17626000
2024-11-06 00:00:00-05:00,2024-11-06,410.77248502778195,418.77040570560524,408.8800507986786,418.50146484375,26681800
2024-11-07 00:00:00-05:00,2024-11-07,419.5970836269586,425.14484007349097,418.2026823789465,423.7304992675781,19901800
2024-11-08 00:00:00-05:00,2024-11-08,423.6209440547306,424.7962229099081,420.095077093531,420.85205078125,16891400
2024-11-11 00:00:00-05:00,2024-11-11,420.83211176857736,423.11297221775334,414.3381687204943,416.34014892578125,24503300
2024-11-12 00:00:00-05:00,2024-11-12,416.57918414479684,422.744458901271,415.533390819855,421.340087890625,19401200
2024-11-13 00:00:00-05:00,2024-11-13,419.9556581526565,427.6149103778975,416.5393371261829,423.5014343261719,21502200
2024-11-14 00:00:00-05:00,2024-11-14,423.30222788535474,426.4595778768523,418.3222016749388,425.1846923828125,30246900
2024-11-15 00:00:00-05:00,2024-11-15,418.14294637599176,421.1110226744225,411.98764100476023,413.3421936035156,28247600
2024-11-18 00:00:00-05:00,2024-11-18,413.21269235073834,416.72858966014985,410.45376875637714,414.0991516113281,24742000
2024-11-19 00:00:00-05:00,2024-11-19,411.4597051471197,416.27042741990954,409.9059394231008,416.12103271484375,18133500
2024-11-20 00:00:00-05:00,2024-11-20,415.2046922657536,415.62302783332285,408.93981090505724,413.8302001953125,19191700
2024-11-21 00:00:00-05:00,2024-11-21,418.6605301722443,418.9399686403921,409.4689690149979,412.0437927246094,20780200
2024-11-22 00:00:00-05:00,2024-11-22,410.5467888521348,416.56472079906104,410.2374116400306,416.16552734375,24814600
2024-11-25 00:00:00-05:00,2024-11-25,417.54278213072394,420.23736087052777,414.0198472532827,417.95196533203125,27691100
2024-11-26 00:00:00-05:00,2024-11-26,418.75036014607525,428.18146205416855,418.01185069672323,427.133544921875,23458900
2024-11-27 00:00:00-05:00,2024-11-27,424.2593075311874,426.37509083138485,421.17549451394376,422.1435546875,18332400
2024-11-29 00:00:00-05:00,2024-11-29,419.24935840992123,424.0297817162198,416.9639323784013,422.61260986328125,16271900
2024-12-02 00:00:00-05:00,2024-12-02,420.72641076442574,432.13353107658475,420.4669212999132,430.1175842285156,20207200
2024-12-03 00:00:00-05:00,2024-12-03,428.9798333762607,431.60457529422956,426.88402964452257,430.3371276855469,18302000
2024-12-04 00:00:00-05:00,2024-12-04,432.1634480898198,438.79017518476684,431.7642546343851,436.544677734375,26009400
2024-12-05 00:00:00-05:00,2024-12-05,437.0436765362191,443.770179142923,435.2971785217715,441.7342529296875,21697800
2024-12-06 00:00:00-05:00,2024-12-06,441.4148949698492,445.2073090094776,440.88595677867977,442.682373046875,18821000
2024-12-09 00:00:00-05:00,2024-12-09,441.7143023543043,447.4328163406456,439.6184986530788,445.12744140625,19144400
2024-12-10 00:00:00-05:00,2024-12-10,443.500747434082,448.7202622082635,440.71632196493806,442.4428405761719,18469500
2024-12-11 00:00:00-05:00,2024-12-11,443.1614051498909,449.4488165759074,443.1614051498909,448.0915222167969,19200200
2024-12-12 00:00:00-05:00,2024-12-12,448.2112581986308,455.24716851093444,448.2112581986308,448.6603698730469,20834800
2024-12-13 00:00:00-05:00,2024-12-13,447.5426110314286,450.5266178755225,444.6883184556146,446.37493896484375,20177800
2024-12-16 00:00:00-05:00,2024-12-16,446.37494735046533,451.27512549789225,444.38893932865295,450.6863098144531,23598800
2024-12-17 00:00:00-05:00,2024-12-17,450.10748972576295,454.3789237624039,448.67036888572403,453.5505676269531,22733500
2024-12-18 00:00:00-05:00,2024-12-18,450.4168569277278,451.7441820228141,436.1454548251872,436.5147399902344,24444500
2024-12-19 00:00:00-05:00,2024-12-19,440.73626782337294,442.29314366547726,435.4468858542376,436.15545654296875,22963700
2024-12-20 00:00:00-05:00,2024-12-20,432.2432815476765,442.85201454579715,427.7722660445124,435.726318359375,64263700
2024-12-23 00:00:00-05:00,2024-12-23,435.86603695951885,436.7742196281346,431.96385754199804,434.3790283203125,19152500
2024-12-24 00:00:00-05:00,2024-12-24,433.7802087154167,438.7203153724094,433.32113775673025,438.4508361816406,7164500
2024-12-26 00:00:00-05:00,2024-12-26,438.20133650274425,440.0576302640168,435.7562575113133,437.2332763671875,8194200
2024-12-27 00:00:00-05:00,2024-12-27,433.73031978660106,434.3490742197977,425.49682901810996,429.66845703125,18117700
2024-12-30 00:00:00-05:00,2024-12-30,425.2074080072107,426.6944166190143,421.05572893712207,423.9798583984375,13158700
